{
  "flex_normalization": "global_minmax",
  "global_ranges": {
    "flex1": {
      "min": 247.0,
      "max": 3727.0
    },
    "flex2": {
      "min": 0.0,
      "max": 659.0
    },
    "flex3": {
      "min": 281.0,
      "max": 933.0
    },
    "flex4": {
      "min": 180.0,
      "max": 627.0
    },
    "flex5": {
      "min": 247.0,
      "max": 968.0
    }
  },
  "imu_normalization": "global_standard_scaler",
  "imu_mean": [
    -7444.366604622305,
    7484.021467349155,
    3198.447103303862,
    3503.296862881961,
    -223.23160772452303,
    -215.30797657825346
  ],
  "imu_scale": [
    7721.613763085482,
    7082.578327785368,
    8519.636820666185,
    437.4181248862358,
    9745.493961802984,
    9692.614612961816
  ],
  "flex_cols": [
    "flex1",
    "flex2",
    "flex3",
    "flex4",
    "flex5"
  ],
  "imu_cols": [
    "ax",
    "ay",
    "az",
    "gx",
    "gy",
    "gz"
  ],
  "confidence_threshold": 0.7,
  "timesteps": 40
}