{
  "flex_normalization": "global_minmax",
  "global_ranges": {
    "flex1": {
      "min": 293.0,
      "max": 3689.0
    },
    "flex2": {
      "min": 346.0,
      "max": 1003.0
    },
    "flex3": {
      "min": 373.0,
      "max": 1351.0
    },
    "flex4": {
      "min": 245.0,
      "max": 935.0
    },
    "flex5": {
      "min": 333.0,
      "max": 1331.0
    }
  },
  "imu_normalization": "global_standard_scaler",
  "imu_mean": [
    -2140.9416611295683,
    14186.349501661129,
    1839.5398006644518,
    3514.621196013289,
    -242.2939534883721,
    -388.4586046511628
  ],
  "imu_scale": [
    3950.106809227343,
    4282.89767908865,
    4762.742532331524,
    432.61551776206124,
    566.3305429608666,
    409.49842788373314
  ],
  "flex_cols": [
    "flex1",
    "flex2",
    "flex3",
    "flex4",
    "flex5"
  ],
  "imu_cols": [
    "ax",
    "ay",
    "az",
    "gx",
    "gy",
    "gz"
  ],
  "confidence_threshold": 0.7,
  "timesteps": 10
}