{
  "feature_cols": [
    "flex1",
    "flex2",
    "flex3",
    "flex4",
    "flex5",
    "ax",
    "ay",
    "az",
    "gx",
    "gy",
    "gz"
  ],
  "flex_cols": [
    "flex1",
    "flex2",
    "flex3",
    "flex4",
    "flex5"
  ],
  "imu_cols": [
    "ax",
    "ay",
    "az",
    "gx",
    "gy",
    "gz"
  ],
  "flex_min": {
    "flex1": 127.0,
    "flex2": 357.0,
    "flex3": 261.0,
    "flex4": 117.0,
    "flex5": 247.0
  },
  "flex_max": {
    "flex1": 3810.0,
    "flex2": 884.0,
    "flex3": 2247.0,
    "flex4": 2023.0,
    "flex5": 2295.0
  },
  "imu_mean": {
    "ax": -7336.4450539068575,
    "ay": 8320.183447260199,
    "az": 2623.526764477048,
    "gx": 3509.2655135045015,
    "gy": 204.0247276870068,
    "gz": -434.16650550183397
  },
  "imu_std": {
    "ax": 8052.996937797117,
    "ay": 7066.821898874432,
    "az": 9011.453238142713,
    "gx": 435.6502282251669,
    "gy": 11670.77077188946,
    "gz": 9581.661659846826
  }
}