{
  "feature_cols": [
    "flex1",
    "flex2",
    "flex3",
    "flex4",
    "flex5",
    "ax",
    "ay",
    "az",
    "gx",
    "gy",
    "gz"
  ],
  "flex_cols": [
    "flex1",
    "flex2",
    "flex3",
    "flex4",
    "flex5"
  ],
  "imu_cols": [
    "ax",
    "ay",
    "az",
    "gx",
    "gy",
    "gz"
  ],
  "flex_min": {
    "flex1": 394.0,
    "flex2": 490.0,
    "flex3": 347.0,
    "flex4": 205.0,
    "flex5": 333.0
  },
  "flex_max": {
    "flex1": 1434.0,
    "flex2": 923.0,
    "flex3": 1212.0,
    "flex4": 935.0,
    "flex5": 1071.0
  },
  "imu_mean": {
    "ax": -1781.607,
    "ay": 13959.8755,
    "az": 1493.2471666666668,
    "gx": 3513.414875,
    "gy": -248.151125,
    "gz": -387.868625
  },
  "imu_std": {
    "ax": 4250.8677636710445,
    "ay": 4667.841541280054,
    "az": 5180.952700026187,
    "gx": 431.66917850409595,
    "gy": 717.5704743806709,
    "gz": 499.30856211259055
  }
}